Date,Platform,Category,Activity_Name,Streak,Duration_Minutes,Status
2026-07-24,Brilliant.org,Problem Solving,Complex Branching,83,4,In-Progress
2026-07-24,Daily.dev,Articles & News,Explore and Read Articles,2,17,Completed
2026-07-24,Duolingo,Linguistics,Japanese Fundamentals: Hiragana,645,4,Completed
2026-07-24,GitHub,DevOps & Version Control,Repository Update,1,19,Completed
2026-07-24,HuggingFace,Machine Learning Ops,Update and Explore Datasets,1,10,Completed
2026-07-24,Kaggle,Data Science,Explore and Update Datasets,84,6,Completed
2026-07-24,Khan Academy,STEM Education,Junior Grade Math Review,84,7,In-Progress
2026-07-24,LeetCode,Data Structures & Algorithms,Number of Unique XOR Triplets II,2,18,Completed
2026-07-24,Mimo,Full-Stack Development,The Grid Container,123,6,Completed
2026-07-24,MonkeyType,Typing Proficiency,Speed Typing Training and Test,2,4,Completed
2026-07-24,TryHackMe,Cybersecurity,Advanced SQL Injection,120,11,In-Progress
